code_muni,name_muni,name_state,abbrev_state,pop_2022_ibge,area_km2_ibge,densidade_2022_ibge_hab_km2,mean_radiance,median_radiance,sum_radiance,max_radiance,percent_area_above_1,share_radiancia_total_ce_pct,radiancia_total_per_capita_2022,hotspot_index_max_over_mean,log1p_densidade_2022,log1p_radiancia_media,radiancia_media_esperada_log,radiancia_media_esperada,residuo_luminoso_log,residuo_luminoso_std,residuo_luminoso_percentil,classe_residuo_luminoso,perfil_luminoso,rank_radiancia_total,rank_radiancia_media,rank_residuo_luminoso,rank_radiancia_per_capita,rank_area_acima_1,rank_hotspot_index
2304285,Eusébio,Ceará,CE,74170,79,941.03,17.015298964102058,14.05158805847168,5376.83447265625,54.28256988525391,100.0,1.5671289779319613,0.07249338644541256,3.190221341193362,6.848037121203012,2.8912213393497312,1.8736206423049748,5.511830778792772,1.0176006970447564,4.817484959055764,100.0,muito mais luminoso que o esperado,brilho excedente espalhado,10,3,1,15,1,184
2307650,Maracanaú,Ceará,CE,234392,105,2230.8,21.654117647058825,14.803384780883787,9203.0,165.94635009765625,98.82352941176472,2.6823009072070203,0.03926328543636302,7.663500900602728,7.7105637137516005,3.1203416299785456,2.265738915634545,8.638243819583291,0.8546027143440007,4.045826358292458,99.45652173913044,muito mais luminoso que o esperado,brilho excedente espalhado,5,2,2,112,3,179
2304400,Fortaleza,Ceará,CE,2428678,312,7775.43,38.12459142234548,36.45138549804688,48113.234375,137.8916778564453,99.84177215189874,14.023054679205313,0.019810462471764476,3.6168696557363695,8.958852642965287,3.6667512059264413,2.83323086749818,16.000297901123503,0.8335203384282615,3.946019008346464,98.91304347826086,muito mais luminoso que o esperado,brilho excedente espalhado,1,1,3,182,2,183
2301000,Aquiraz,Ceará,CE,80243,480,167.09,4.498194442206034,2.750405550003052,8721.9990234375,45.95122146606445,88.91181021144921,2.5421086486173152,0.10869482725518113,10.215481355073052,5.124499550245303,1.7044197551064215,1.0900731178795096,1.9744915531270935,0.614346637226912,2.9084155436235584,98.36956521739131,muito mais luminoso que o esperado,brilho excedente espalhado,6,6,4,3,5,175
2312403,São Gonçalo Do Amarante,Ceará,CE,54021,843,64.11,2.2001275674235745,0.6202181577682495,7484.833984375,276.3960266113281,34.19506462984724,2.181525262043138,0.138554154576461,125.6272729718896,4.176078147248771,1.1631906738309672,0.658905700962032,0.9326762510369887,0.5042849728689351,2.387365966758069,97.82608695652173,muito mais luminoso que o esperado,brilho excedente espalhado,7,12,5,1,20,29
2307304,Juazeiro Do Norte,Ceará,CE,286120,259,1105.62,9.870218854465138,2.5843331813812256,10334.119140625,86.39691162109375,77.5549188156638,3.0119762192854362,0.03611812924865441,8.753292392625701,7.009065603678602,2.386026834735876,1.9468267452248131,6.006419114605011,0.43920008951106304,2.0792436870180646,97.28260869565217,muito mais luminoso que o esperado,brilho excedente espalhado,4,4,6,136,8,177
2300408,Aiuaba,Ceará,CE,14076,2439,5.77,0.0531564159711684,0.0,525.451171875,11.276582717895508,0.981284774911482,0.15314768608207155,0.037329580269607844,212.13963168382534,1.9125010869241836,0.05179176530288844,-0.37015234328939894,-0.30937089008763624,0.42194410859228737,1.9975511048771755,96.73913043478261,muito mais luminoso que o esperado,brilho excedente pontual,144,184,7,130,182,8
2301505,Arneiroz,Ceará,CE,7429,1068,6.95,0.0579637387517305,0.0,251.21484375,4.926928043365479,1.2459621596677437,0.07321892896821633,0.0338154319221968,85.00017535908536,2.0731719286662407,0.05634605945720246,-0.2971088295211496,-0.25703684836202184,0.35345488897835203,1.6733121511246813,96.19565217391305,muito mais luminoso que o esperado,perfil intermediário,179,182,8,145,179,58
2300705,Alto Santo,Ceará,CE,14155,1147,12.34,0.3378836572598278,0.0,1835.046142578125,38.97806930541992,6.7943288528816055,0.5348414574599639,0.12963943077203285,115.35943912222689,2.590767040487478,0.29108900520482267,-0.06180187981717733,-0.05993088499237312,0.352890885022,1.670642065909071,95.65217391304348,muito mais luminoso que o esperado,brilho excedente pontual,44,112,9,2,111,35
2305605,Independência,Ceará,CE,24024,3222,7.46,0.067682911385196,0.0,882.043701171875,21.114070892333984,0.8901166359729895,0.2570799326143169,0.03671510577638507,311.9557085866798,2.135349173618132,0.06549079700257134,-0.26884206749716955,-0.23573605176452522,0.33433286449974087,1.5827854193919555,95.1086956521739,muito mais luminoso que o esperado,brilho excedente pontual,99,180,10,133,183,3
2306702,Jaguaretama,Ceará,CE,17232,1827,9.43,0.1058330216106045,0.0,782.7410278320312,23.29913330078125,1.703623580313683,0.228137234495492,0.045423690101673124,220.1499373830288,2.344686269012681,0.10059891666664535,-0.1736741027073605,-0.15942920722919468,0.27427301937400583,1.2984524768372576,94.56521739130434,muito mais luminoso que o esperado,brilho excedente pontual,106,175,11,74,172,6
2312502,São João Do Jaguaribe,Ceará,CE,5855,279,20.95,0.5325765332461454,0.0,604.474365234375,19.180736541748047,17.180616740088105,0.17617973902548645,0.10324071139784373,36.01498621958272,3.08876713952118,0.42695032770925323,0.16459686619023928,0.17891776129300022,0.26235346151901395,1.242023377631862,94.02173913043478,muito mais luminoso que o esperado,brilho excedente espalhado,135,78,12,4,58,127
2312205,Santa Quitéria,Ceará,CE,40183,4262,9.43,0.0905986973453119,0.0,1558.8411865234375,30.15865135192871,1.4471695920027898,0.4543389252204155,0.03879354917560753,332.8817290175703,2.344686269012681,0.08672680907055579,-0.1736741027073605,-0.15942920722919468,0.2604009117779163,1.2327796938992708,93.47826086956522,muito mais luminoso que o esperado,brilho excedente pontual,51,178,13,115,175,2
2307205,Jati,Ceará,CE,7861,368,21.34,0.5156968613385835,0.0,770.4511108398438,24.793041229248047,11.981258366800535,0.22455522259745403,0.09800930045030451,48.076773468848536,3.1063787936410545,0.4158753076864129,0.17260340356963444,0.18839469851583326,0.24327190411677846,1.151688223531053,92.93478260869566,muito mais luminoso que o esperado,brilho excedente espalhado,108,82,14,5,79,99
2309706,Pacatuba,Ceará,CE,81238,133,609.73,5.8128517967308575,3.0078787803649902,3150.565673828125,43.993125915527344,88.56088560885608,0.9182619977316611,0.03878192070001877,7.568251771480013,6.414654962978663,1.9188107985431677,1.6765982373810346,4.347334633293815,0.24221256116213308,1.1466731240275772,92.3913043478261,muito mais luminoso que o esperado,brilho excedente espalhado,24,5,15,116,6,180
2311009,Poranga,Ceará,CE,12065,1311,9.2,0.0558836611376068,0.0,295.9598693847656,8.20419979095459,1.0007552870090637,0.08626028753098208,0.024530449182326202,146.808556868602,2.322387720290225,0.05437800983771184,-0.18381137673269676,-0.16790725892328082,0.2381893865704086,1.1276267700504479,91.84782608695652,muito mais luminoso que o esperado,brilho excedente pontual,172,183,16,178,181,19
2313005,Solonópole,Ceará,CE,18179,1536,11.84,0.1720277254457099,0.0,1068.63623046875,23.266447067260746,2.8171281390856406,0.3114640802412929,0.0587841042119341,135.24823903664964,2.552565298261815,0.158735347398653,-0.07916899792010623,-0.0761162231855555,0.23790434531875923,1.1262773390344127,91.30434782608695,muito mais luminoso que o esperado,brilho excedente pontual,78,161,17,33,159,21
2311231,Potiretama,Ceará,CE,5974,409,14.6,0.2559054920884882,0.0,424.035400390625,26.38702774047852,4.345202172601086,0.12358910563464799,0.07098014737037579,103.11239286823081,2.747270914255491,0.22785682006247088,0.009347264199324856,0.009391086305844969,0.21850955586314602,1.034459294139382,90.76086956521739,muito mais luminoso que o esperado,brilho excedente pontual,157,135,18,16,135,45
2311900,Saboeiro,Ceará,CE,13854,1381,10.03,0.0700354850586286,0.0,391.7785034179688,10.337719917297363,1.0904540579191992,0.11418752962536417,0.02827908931846173,147.60688472474337,2.400618833265411,0.06769181153010953,-0.14824627160377601,-0.13778125120082904,0.21593808313388554,1.0222855296836275,90.21739130434783,muito mais luminoso que o esperado,brilho excedente pontual,163,179,19,172,180,18
2303006,Caridade,Ceará,CE,16377,926,17.68,0.3423357882414477,0.0,1283.4168701171875,21.63440322875977,6.881835156041611,0.374063917748574,0.07836703120945152,63.19644018727218,2.9274534328006965,0.2944112220359749,0.09126109580346653,0.09555501273545657,0.2031501262325084,0.9617452900706349,89.67391304347827,muito mais luminoso que o esperado,perfil intermediário,69,110,20,11,109,79
2312809,Senador Sá,Ceará,CE,7262,425,17.1,0.3003733626035886,0.0,514.2391967773438,23.727214813232425,5.140186915887851,0.14987985048758867,0.07081233775507349,78.99240641239386,2.89591193827178,0.2626514252356512,0.0769218319711853,0.07995765493202434,0.18572959326446592,0.8792736921285312,89.13043478260869,muito mais luminoso que o esperado,perfil intermediário,145,125,21,18,126,66
2305266,Ibaretama,Ceará,CE,11956,879,13.6,0.1621013422516521,0.0,576.432373046875,5.573617458343506,2.7277840269966256,0.16800663665838622,0.04821281139569045,34.383536536713436,2.681021528714291,0.1502298682685281,-0.020770757542824647,-0.020556531137015038,0.17100062581135275,0.8095443971566806,88.58695652173914,muito mais luminoso que o esperado,perfil intermediário,138,163,22,59,161,130
2306256,Itaitinga,Ceará,CE,64648,154,420.65,4.339337720239297,1.6343995332717896,2686.050048828125,45.6723861694336,57.83521809369952,0.7828745499049375,0.04154884990762475,10.525197415699129,6.044175586020651,1.6751016228535884,1.5081724348005685,3.5184654536723436,0.16692918805301993,0.7902695576057036,88.04347826086956,muito mais luminoso que o esperado,brilho excedente espalhado,29,8,23,98,9,174
2313203,Tamboril,Ceará,CE,24815,2015,12.32,0.1011110347963375,0.0,823.0438232421875,21.699731826782227,1.3882063882063882,0.23988386327867586,0.033167190136699075,214.61289221179402,2.589266665112243,0.09631970169861505,-0.062483974266862585,-0.060571882282841154,0.15880367596547762,0.7518020797629292,87.5,muito mais luminoso que o esperado,brilho excedente pontual,101,176,24,149,176,7
2307007,Jaguaruana,Ceará,CE,31701,854,37.1,0.7726509268991012,0.0,2664.873046875,25.56758689880371,27.776167004928965,0.776702313509111,0.08406274397889657,33.0907347362204,3.6402142821326553,0.5724761249664959,0.41529348616854533,0.5148152527843759,0.15718263879795058,0.7441278297399967,86.95652173913044,muito mais luminoso que o esperado,brilho excedente espalhado,30,46,25,6,30,135
2311504,Quixeré,Ceará,CE,20874,613,34.05,0.6995048584377516,0.0,1737.570068359375,32.359657287597656,19.082125603864736,0.5064311388347403,0.08324087708917194,46.260804125946635,3.5567756134805992,0.5303369488953147,0.377360943608799,0.45843062559345826,0.15297600528651567,0.7242129518036402,86.41304347826086,muito mais luminoso que o esperado,brilho excedente espalhado,48,59,26,7,48,103
2304459,Fortim,Ceará,CE,17294,285,60.68,1.1955479823979314,0.5338444709777832,1365.3157958984375,30.98472213745117,29.401561144839548,0.3979341299535427,0.0789473687925545,25.916753294491635,4.1219597292550745,0.7864316656648704,0.6343026095300184,0.8857066089738669,0.15212905613485206,0.7202033586389797,85.86956521739131,muito mais luminoso que o esperado,brilho excedente espalhado,60,22,27,9,25,147
2306207,Itaiçaba,Ceará,CE,7536,214,35.28,0.7200883783391405,0.0,619.99609375,18.91316032409668,21.13821138211382,0.18070369278826837,0.08227124386279193,26.26505421661462,3.591266625246936,0.5423756722606274,0.3930411047725768,0.48147928394677,0.14933456748805063,0.7069738010499228,85.32608695652173,muito mais luminoso que o esperado,brilho excedente espalhado,133,53,28,8,42,145
2303600,Catarina,Ceará,CE,10243,488,20.98,0.3668491529381793,0.0,725.6276245117188,26.38824844360352,7.684529828109201,0.21149099592766035,0.07084131841371852,71.93215020485071,3.090132948975475,0.3125082026684087,0.16521778483731864,0.17965000062136102,0.14729041783109004,0.6972964686197608,84.78260869565217,mais luminoso que o esperado,perfil intermediário,116,104,29,17,101,73
2306801,Jaguaribara,Ceará,CE,10356,623,16.62,0.2348965023007282,0.0,588.650634765625,25.20484733581543,3.9505187549880287,0.1715677639530397,0.05684150586767333,107.30192651504359,2.8690346205080335,0.21098716276312707,0.0647029768955294,0.06684210056698424,0.14628418586759767,0.6925328050692902,84.23913043478261,mais luminoso que o esperado,perfil intermediário,136,144,30,39,142,39
2303659,Catunda,Ceará,CE,10444,784,13.32,0.1231564450655815,0.0,389.6669921875,12.950065612792969,1.706700379266751,0.11357210981779443,0.037310129470270015,105.15134226832906,2.6616571615324998,0.11614297599621431,-0.029574106087717045,-0.029141071581620763,0.14571708208393136,0.689848044773852,83.69565217391305,mais luminoso que o esperado,perfil intermediário,164,173,31,132,171,41
2305233,Horizonte,Ceará,CE,74754,161,465.59,4.461603816105769,2.174487590789795,2900.04248046875,37.253028869628906,88.3076923076923,0.8452446567749892,0.03879447896391832,8.349694503756913,6.145450927724578,1.697742485837408,1.554213811916219,3.731365319533102,0.14352867392118895,0.6794877694331377,83.15217391304348,mais luminoso que o esperado,contribuinte relevante no total estadual,26,7,32,114,7,178
2313906,Uruoca,Ceará,CE,13746,698,19.7,0.3186921143446953,0.0,895.5248413085938,47.76503753662109,5.551601423487544,0.26100913770166945,0.06514803152252246,149.87831589419378,3.0301337002713233,0.27664042294307895,0.13794117446241239,0.1479080219815099,0.13869924848066656,0.6566244945865654,82.6086956521739,mais luminoso que o esperado,perfil intermediário,97,118,33,24,120,17
2302206,Beberibe,Ceará,CE,53114,1597,33.26,0.6485108255119454,0.0,4180.30078125,34.23505401611328,17.856034750232702,1.2183879797832327,0.0787043111279512,52.790258260218394,3.5339784928959737,0.4998723503943139,0.36699701090486236,0.4433936046679243,0.13287533948945152,0.6290531750605783,82.06521739130434,mais luminoso que o esperado,contribuinte relevante no total estadual,15,63,34,10,53,94
2304277,Ereré,Ceará,CE,6474,363,17.84,0.253428265837585,0.0,372.53955078125,11.668927192687988,4.217687074829932,0.10858015593078807,0.05754395285468798,46.04430018126696,2.935982269148217,0.22588240988460978,0.09513844012072226,0.09981110256909392,0.13074396976388752,0.6189629288324552,81.52173913043478,mais luminoso que o esperado,perfil intermediário,165,137,35,34,138,105
2301109,Aracati,Ceará,CE,75112,1227,61.21,1.1434063414111355,0.5425598621368408,5667.865234375,71.30192565917969,28.00080693968125,1.651952630673823,0.07545885124048088,62.35921825378645,4.130515758526928,0.7623963118680738,0.6381923161821035,0.893055738227232,0.12420399568597029,0.5880016423037814,80.97826086956522,mais luminoso que o esperado,contribuinte relevante no total estadual,9,25,36,13,28,80
2310308,Parambu,Ceará,CE,31445,2314,13.59,0.1060972688037786,0.0,994.1314086914062,27.55436134338379,1.2593383137673426,0.2897489491922147,0.03161492792785518,259.70848631962116,2.6803363625346943,0.1008378457102742,-0.02108224495852662,-0.02086156794192798,0.12192009066880082,0.5771892695331267,80.43478260869566,mais luminoso que o esperado,perfil intermediário,83,174,37,159,178,4
2303931,Choró,Ceará,CE,12113,815,14.86,0.1469461953332464,0.0,484.1877136230469,7.853429794311523,1.487101669195751,0.14112106307829964,0.03997256778857813,53.4442536811325,2.7638002162067017,0.13710292800882418,0.01686174711086097,0.017004708766094407,0.1202411808979632,0.5692410413213036,79.8913043478261,mais luminoso que o esperado,perfil intermediário,150,169,38,106,174,91
2304301,Farias Brito,Ceará,CE,18217,531,34.34,0.643312928181607,0.4815867245197296,1385.052734375,18.02391815185547,16.76730143985137,0.40368664630486,0.0760307808297195,28.017341692144544,3.5650154668915506,0.49671428238137016,0.3811069116982513,0.4639041055177312,0.11560737068311888,0.5473038403367119,79.34782608695652,mais luminoso que o esperado,perfil intermediário,59,65,39,12,64,143
2309003,Mucambo,Ceará,CE,13666,192,71.11,1.2676582093451434,0.0,995.1116943359376,53.29807662963867,17.70700636942675,0.2900346626632186,0.07281660283447516,42.0445165697521,4.2781927309286685,0.8187476731619782,0.7053286107948946,1.0245118520747925,0.11341906236708355,0.5369440376863278,78.80434782608695,mais luminoso que o esperado,perfil intermediário,82,20,40,14,55,114
2306900,Jaguaribe,Ceará,CE,33726,1877,17.97,0.2356713324224404,0.0,1790.866455078125,40.54122924804688,3.78997236478484,0.5219648720137645,0.05310047011439616,172.0244403903669,2.9428587839469227,0.2116144113949811,0.09826461284709165,0.10325468184942206,0.11334979854788946,0.5366161316538897,78.26086956521739,mais luminoso que o esperado,contribuinte relevante no total estadual,46,143,41,45,143,12
2307601,Limoeiro Do Norte,Ceará,CE,59560,745,80.0,1.3881780617398367,0.6843464374542236,4165.92236328125,47.21697998046875,33.68877040986338,1.2141972546325448,0.06994496916187458,34.01363358766594,4.394449154672439,0.8705307579681951,0.7581806254871957,1.1343894320739536,0.11235013248099945,0.5318835521113373,77.71739130434783,mais luminoso que o esperado,contribuinte relevante no total estadual,16,16,42,19,22,132
2313302,Tauá,Ceará,CE,61223,4011,15.27,0.1470001654762637,0.0,2387.4296875,60.05149459838867,1.877963179607167,0.6958388369742717,0.03899563378958888,408.5131060588646,2.7893229212309465,0.13714998241597973,0.028464773743622995,0.02887376682506751,0.10868520867235673,0.5145332148174497,77.17391304347827,mais luminoso que o esperado,contribuinte relevante no total estadual,33,168,43,113,170,1
2304251,Cruz,Ceará,CE,29628,336,88.2,1.4776884902863814,0.8891764879226685,1997.8348388671875,29.68644905090332,42.40412979351032,0.5822877540740246,0.06743063449666489,20.089788359290928,4.490881039585964,0.9073260651701373,0.8020200903023942,1.2300412661535283,0.10530597486774307,0.49853537983744567,76.63043478260869,mais luminoso que o esperado,contribuinte relevante no total estadual,41,13,44,21,12,157
2303105,Cariré,Ceará,CE,17632,756,23.34,0.3708034325146612,0.0,1130.2088623046875,34.92716217041016,7.119422572178478,0.3294100029004974,0.06409986741746186,94.19320053040765,3.1921210875593813,0.3153970150381326,0.21158321072343744,0.23563277924850715,0.10381380431469517,0.4914712050422332,76.08695652173914,mais luminoso que o esperado,perfil intermediário,77,102,45,26,104,47
2310407,Paramoti,Ceará,CE,10384,539,19.26,0.2604112905614516,0.0,566.6549682617188,22.252906799316406,3.722426470588236,0.16515692007408164,0.05457000849978031,85.4529258922906,3.0086484988205373,0.23143808878013353,0.1281736610108828,0.13675039477958875,0.10326442776925074,0.4888703683366151,75.54347826086956,mais luminoso que o esperado,perfil intermediário,141,133,46,41,146,57
2305654,Ipaporanga,Ceará,CE,11575,705,16.42,0.1739070227976595,0.0,495.2872009277344,16.881744384765625,2.668539325842697,0.1443561130475375,0.04278939100887554,97.07339022952577,2.857618971424357,0.16033752133410772,0.05951324170788608,0.06131981457344772,0.10082427962622165,0.47731831554120174,75.0,mais luminoso que o esperado,perfil intermediário,148,159,47,90,163,46
2307635,Madalena,Ceará,CE,16896,998,16.93,0.183597333188514,0.0,741.1824340820312,21.541757583618164,3.022046073817191,0.21602459147496902,0.043867331562620224,117.33153794869116,2.8864752876170416,0.16855838840561885,0.07263178086700206,0.07533450526675103,0.09592660753861679,0.45413195011815805,74.45652173913044,mais luminoso que o esperado,perfil intermediário,113,158,48,82,156,34
2308500,Mombaça,Ceará,CE,37735,2116,17.84,0.2057389436934471,0.0,1762.154052734375,25.919483184814453,3.4208990075890253,0.5135963723011998,0.046698133105455814,125.98238619059079,2.935982269148217,0.1870926102740191,0.09513844012072226,0.09981110256909392,0.09195417015329685,0.4353257942161954,73.91304347826086,mais luminoso que o esperado,perfil intermediário,47,151,49,68,151,28
2306108,Irauçuba,Ceará,CE,23915,1466,16.31,0.1592757132600103,0.0,943.2307739257812,20.72420310974121,2.7186761229314422,0.2749134804527548,0.03944096901215895,130.1152734177032,2.851284369188118,0.14779542498802478,0.056633431030090886,0.058267811144182766,0.0911619939579339,0.43157550501418707,73.36956521739131,mais luminoso que o esperado,perfil intermediário,92,164,50,110,162,24
2302800,Canindé,Ceará,CE,74174,3032,24.46,0.3710912754669364,0.0,4539.9306640625,60.154884338378906,6.065064574137649,1.3232054915649043,0.06120649640119853,162.1026635578662,3.2371085931292605,0.31560697419702716,0.23203524450171398,0.26116417714804846,0.08357172969531318,0.39564197624732783,72.82608695652173,mais luminoso que o esperado,contribuinte relevante no total estadual,13,101,51,29,114,13
2308708,Morada Nova,Ceará,CE,61221,2764,22.15,0.3107761218002553,0.0,3469.19384765625,45.62075424194336,5.589895189465198,1.0111291757954333,0.05666672951530112,146.79620117168756,3.141994780532243,0.27061942116779253,0.18879499627338592,0.20779332496888922,0.08182442489440661,0.3873699549901695,72.28260869565217,mais luminoso que o esperado,contribuinte relevante no total estadual,21,120,52,40,117,20
2301257,Ararendá,Ceará,CE,11096,342,32.42,0.5483860491674928,0.3978000581264496,760.6114501953125,29.061458587646484,9.73323720259553,0.22168736095739802,0.0685482561459366,52.99452562436679,3.509154523167248,0.4372131298431882,0.3557116404231806,0.4271959433033316,0.08150148942000762,0.3858411266440602,71.73913043478261,mais luminoso que o esperado,perfil intermediário,110,76,53,20,88,93
2306603,Itatira,Ceará,CE,20424,830,24.62,0.3693034461119294,0.0,1237.9051513671875,21.87037467956543,6.384248210023866,0.36079909926637516,0.06061031880959594,59.22060801381283,3.2433732964685884,0.3143021770489546,0.23488327803199716,0.26476113470829576,0.07941889901695742,0.3759818095546508,71.19565217391305,mais luminoso que o esperado,perfil intermediário,71,103,54,30,112,85
2306009,Iracema,Ceará,CE,14001,839,16.68,0.1561034185154408,0.0,529.8150024414062,16.284257888793945,3.1820860341779613,0.15441956554389585,0.03784122580111465,104.31711194630945,2.8724340572094973,0.14505522863226464,0.06624841475354648,0.06849211340547579,0.07880681387871816,0.37308410031005945,70.65217391304348,mais luminoso que o esperado,perfil intermediário,143,166,55,126,154,42
2301851,Banabuiú,Ceará,CE,17195,1081,15.91,0.132402600886916,0.0,579.5261840820312,20.609519958496094,1.6221156042951794,0.16890835698288112,0.03370318023158077,155.65796793101183,2.827905162910489,0.12434157104466537,0.04600487293507394,0.04707951329499103,0.07833669810959143,0.37085849683576927,70.1086956521739,mais luminoso que o esperado,perfil intermediário,137,171,56,146,173,15
2302404,Boa Viagem,Ceará,CE,50411,2835,17.78,0.1841035091475388,0.0,2109.4580078125,28.86405563354492,2.557165299354163,0.6148213765153301,0.0418451926724822,156.78166923821027,2.932792473780117,0.16898595590712526,0.09368830853890242,0.09821738758272229,0.07529764736822284,0.35647114305459693,69.56521739130434,mais luminoso que o esperado,contribuinte relevante no total estadual,38,157,57,94,164,14
2310001,Palhano,Ceará,CE,9346,437,21.39,0.2809874310531356,0.0,495.099853515625,13.603185653686523,5.505107832009081,0.1443015088822149,0.05297451888675637,48.41207862675551,3.1086144306106633,0.24763121104221084,0.17361975960536502,0.18960314464223224,0.07401145143684582,0.3503820851640096,69.02173913043478,mais luminoso que o esperado,perfil intermediário,149,131,58,46,121,98
2303709,Caucaia,Ceará,CE,355679,1223,290.77,3.1134381092389103,0.9688339829444884,15371.0439453125,71.77775573730469,49.03787725339275,4.480035327526969,0.04321605702139429,23.05417779182924,5.675965820659426,1.4142592017470152,1.3407784336603705,2.822017534773453,0.07348076808664472,0.34786974504372503,68.47826086956522,mais luminoso que o esperado,contribuinte relevante no total estadual,2,9,59,89,11,152
2301604,Assaré,Ceará,CE,21697,1155,18.78,0.2096814428929944,0.0,981.728515625,27.93051147460937,3.289192652712516,0.28613400935476896,0.04524720079388855,133.20449800442523,2.984671326194566,0.1903570546105627,0.11727325792691512,0.1244266462082618,0.07308379668364759,0.34599041873364306,67.93478260869566,mais luminoso que o esperado,perfil intermediário,84,150,60,75,153,23
2305332,Ibicuitinga,Ceará,CE,11611,424,27.39,0.422915553267667,0.0,724.8772583007812,14.932509422302246,8.8098016336056,0.21127229463804445,0.06243021775047638,35.30848953559965,3.34603697048488,0.35270797319194436,0.28155581304333976,0.32518995714202464,0.07115216014860459,0.3368457414737346,67.3913043478261,mais luminoso que o esperado,perfil intermediário,117,92,61,27,92,128
2311355,Quixelô,Ceará,CE,15910,605,26.28,0.3877407467418722,0.0,951.1280517578124,28.278165817260746,7.2156543008560945,0.2772152163533658,0.059781775723306875,72.93060113477203,3.3061538329752613,0.32767706275244457,0.26342430596826194,0.30137878460634354,0.06425275678418263,0.30418285903754094,66.84782608695652,mais luminoso que o esperado,perfil intermediário,89,99,62,31,103,71
2303303,Cariús,Ceará,CE,17015,1036,16.42,0.1309102230563888,0.0,548.2520141601562,16.949176788330078,2.24450811843362,0.15979320601541488,0.03222168757920401,129.47175753842816,2.857618971424357,0.1230228156070393,0.05951324170788608,0.06131981457344772,0.06350957389915322,0.30066451202691646,66.30434782608695,mais luminoso que o esperado,perfil intermediário,142,172,63,156,167,26
2302701,Campos Sales,Ceará,CE,25135,1083,23.22,0.305628174218215,0.0,1338.95703125,41.00654602050781,4.473864414517234,0.3902516200840045,0.05327061990252636,134.1713537740086,3.1871787381249463,0.266684284512499,0.2093363402580346,0.23285958911691806,0.05734794425446438,0.27149436874501276,65.76086956521739,mais luminoso que o esperado,perfil intermediário,63,123,64,44,134,22
2314003,Várzea Alegre,Ceará,CE,38984,830,46.97,0.780721367326843,0.5232077836990356,2626.3466796875,69.86458587646484,17.717003567181926,0.7654734414393053,0.06736986147361738,89.48722131967646,3.8705758155139725,0.5770185447504793,0.52001949402893,0.6820604395141524,0.056999050721549316,0.269842650785295,65.21739130434783,mais luminoso que o esperado,contribuinte relevante no total estadual,31,45,65,22,54,52
2311801,Russas,Ceará,CE,72928,1611,45.27,0.7494916298069543,0.0,4882.1884765625,68.36246490478516,17.040221062327294,1.4229597500640285,0.06694532246273723,91.21177888428377,3.8344938029189084,0.5593252484797533,0.5036160386464974,0.6546939026582281,0.05570920983325589,0.26373633708388505,64.67391304347827,próximo ao padrão esperado,contribuinte relevante no total estadual,12,49,66,23,61,50
2304707,Granja,Ceará,CE,53344,2663,20.03,0.2216582365739017,0.0,2381.49609375,50.5929069519043,3.481012658227848,0.6941094352684559,0.04464412293322585,228.2473573085071,3.0459499897146083,0.2002091461614866,0.14513151057559392,0.15619161169462556,0.05507763558589268,0.26074636326995654,64.13043478260869,próximo ao padrão esperado,contribuinte relevante no total estadual,34,146,67,79,149,5
2309904,Pacujá,Ceará,CE,6175,88,69.89,1.1204704904422709,0.6505021452903748,400.0079650878906,33.33463287353516,28.571428571428573,0.1165860836298254,0.06477861782799849,29.750567398367433,4.261129379866926,0.7516379935151242,0.697571340684791,1.0088679223394355,0.054066652830333184,0.2559602087076445,63.58695652173913,próximo ao padrão esperado,perfil intermediário,162,26,68,25,26,141
2303501,Cascavel,Ceará,CE,72626,838,86.65,1.3296576164360758,0.6045497059822083,4492.9130859375,52.90311813354492,36.40130216040249,1.3095017762047647,0.061863700134077326,39.78702294471552,4.473351611367244,0.845721311044437,0.7940509341222133,1.212340343402544,0.05167037692222376,0.24461585411100348,63.04347826086957,próximo ao padrão esperado,contribuinte relevante no total estadual,14,18,69,28,17,118
2308807,Moraújo,Ceará,CE,8256,414,19.92,0.2138695924673507,0.0,358.2315673828125,22.220443725585938,3.6417910447761193,0.10440995959807789,0.04339045147563136,103.89716165509103,3.040705639196722,0.1938132671535167,0.14274734562627645,0.1534383436061515,0.051065921527240266,0.24175426529506636,62.5,próximo ao padrão esperado,perfil intermediário,166,148,70,87,147,43
2305902,Ipueiras,Ceará,CE,36798,1483,24.81,0.3331996314668187,0.0,2000.1973876953125,40.311973571777344,6.913210061635849,0.5829763411505214,0.05435614402128682,120.98444789188585,3.2507620137305224,0.28758179102388065,0.2382423061244634,0.2690166460798944,0.04933948489941725,0.23358103731728075,61.95652173913043,próximo ao padrão esperado,contribuinte relevante no total estadual,40,115,71,42,108,31
2300903,Apuiarés,Ceará,CE,12893,544,23.7,0.3028831273480191,0.0,665.13134765625,18.325328826904297,5.555555555555555,0.193858787050982,0.051588563379837894,60.50296999655956,3.2068032436339315,0.26457959906846124,0.21825795181367647,0.24390789453578246,0.04632164725478477,0.2192941097393903,61.41304347826087,próximo ao padrão esperado,perfil intermediário,123,124,72,50,119,83
2304236,Croatá,Ceará,CE,17481,696,25.1,0.3358227660611886,0.0,944.3336181640624,26.889434814453125,6.827880512091038,0.2752349147786105,0.05402057194462916,80.07031521348203,3.261935314328648,0.28954740618047925,0.24332186584561177,0.2754790912135002,0.046225540334867476,0.218839124161543,60.86956521739131,próximo ao padrão esperado,perfil intermediário,91,113,73,43,110,64
2312106,Santana Do Cariri,Ceará,CE,16954,855,19.83,0.2032614191737743,0.0,708.975830078125,18.77375030517578,3.354357798165138,0.2066376738244491,0.041817614136966205,92.36258552717746,3.0363942552728806,0.1850357194313656,0.14078732209252975,0.15117979143871296,0.04424839733883584,0.20947901201446384,60.32608695652174,próximo ao padrão esperado,perfil intermediário,119,152,74,95,152,49
2308351,Milhã,Ceará,CE,13999,502,27.88,0.3952040191004277,0.0,802.6593627929688,17.116334915161133,8.764155588380108,0.23394262055827325,0.057336907121435014,43.31012349219422,3.3631493140246254,0.3330406548310062,0.2893353559112304,0.3355395345147007,0.043705298919775815,0.20690789696638368,59.78260869565217,próximo ao padrão esperado,perfil intermediário,104,98,75,36,93,109
2301307,Araripe,Ceará,CE,19783,1097,18.03,0.1505361133866107,0.0,669.7351684570312,15.62937831878662,2.045403461452012,0.1952006139238011,0.033854075138099946,103.8247757521285,2.946016681308058,0.1402280192980081,0.0997002430888696,0.10483968510214084,0.0405277762091385,0.1918649946668778,59.2391304347826,próximo ao padrão esperado,perfil intermediário,122,167,76,144,169,44
2304269,Deputado Irapuan Pinheiro,Ceará,CE,8932,471,18.96,0.1710228651871633,0.0,325.4565124511719,7.468103885650635,3.7834997372569625,0.09485736157820397,0.0364371375337183,43.66728293208302,2.993730270883318,0.15787761063089287,0.12139159790649234,0.129066966068245,0.036486012724400524,0.17273063788790474,58.69565217391305,próximo ao padrão esperado,perfil intermediário,170,162,77,134,144,108
2308377,Miraíma,Ceará,CE,14196,709,20.03,0.1988151875970412,0.0,568.2138061523438,14.825984001159668,3.7438768369489153,0.16561125803868146,0.04002633179433247,74.57168693086616,3.0459499897146083,0.18133372537998751,0.14513151057559392,0.15619161169462556,0.03620221480439359,0.17138709300333932,58.152173913043484,próximo ao padrão esperado,perfil intermediário,139,153,78,105,145,69
2313104,Tabuleiro Do Norte,Ceará,CE,30652,1048,29.26,0.4091850148460079,0.0,1415.7801513671875,34.11284637451172,8.323699421965317,0.4126424409885798,0.04618883437841536,83.36777998574048,3.40982670836021,0.3430115336262546,0.3105556399332119,0.3641828980795483,0.03245589369304269,0.1536514078194167,57.608695652173914,próximo ao padrão esperado,perfil intermediário,55,94,79,71,98,60
2305209,Hidrolândia,Ceará,CE,17855,927,19.27,0.1727529609792223,0.0,646.9598388671875,19.310693740844727,2.456608811748999,0.18856252990546177,0.036234099068450716,111.78212818815403,3.0091419604639085,0.15935394304031597,0.1283979965029416,0.13700543684517372,0.03095594653737438,0.1465504173397563,57.065217391304344,próximo ao padrão esperado,perfil intermediário,126,160,80,135,165,37
2300754,Amontada,Ceará,CE,42156,1175,35.88,0.5258447779605263,0.4569880962371826,2497.7626953125,21.10096549987793,13.221052631578948,0.7279964298190341,0.05925046720069504,40.127745570831124,3.607669398688393,0.42254820944518423,0.4004980658161492,0.4925679095957229,0.022050143629035013,0.1043889175650043,56.52173913043478,próximo ao padrão esperado,contribuinte relevante no total estadual,32,79,81,32,73,117
2311959,Salitre,Ceará,CE,16633,806,20.63,0.1957261370298143,0.0,639.0458374023438,13.786320686340332,3.001531393568147,0.18625591974477634,0.038420359370068165,70.43678900076344,3.0740812399649675,0.17875364689142048,0.15792042325384448,0.1710730008207696,0.020833223637576004,0.09862782308830682,55.97826086956522,próximo ao padrão esperado,perfil intermediário,127,155,82,120,157,74
2312908,Sobral,Ceará,CE,203023,2068,98.15,1.3861418924484783,0.0,11568.740234375,122.21118927001952,19.110951353942006,3.3718181490716526,0.05698241201427917,88.16643508694443,4.5966338549658055,0.8696777906621292,0.8500969979881692,1.339873803970422,0.019580792673960068,0.09269861397219896,55.434782608695656,próximo ao padrão esperado,contribuinte relevante no total estadual,3,17,83,38,47,56
2313351,Tejuçuoca,Ceará,CE,17154,759,22.61,0.242076899915885,0.0,741.9656982421875,10.945039749145508,4.306688417618271,0.21625288118130062,0.04325321780588711,45.21306951524716,3.1616703510974213,0.2167848977909232,0.19773982281374258,0.21864528886939052,0.01904507497718061,0.09016244044752465,54.891304347826086,próximo ao padrão esperado,perfil intermediário,112,142,84,88,136,107
2308609,Monsenhor Tabosa,Ceará,CE,17149,893,19.21,0.1571299671433884,0.0,567.7105712890625,20.42593765258789,2.2695820647661225,0.16546458550469065,0.03310458751466922,129.993901824942,3.0061775314155295,0.14594277305532127,0.12705032002560102,0.13547415343241068,0.018892453029720258,0.0894399036622735,54.347826086956516,próximo ao padrão esperado,perfil intermediário,140,165,85,150,166,25
2311405,Quixeramobim,Ceará,CE,82122,3325,24.7,0.2892728896368117,0.0,3887.82763671875,54.239627838134766,4.985119047619048,1.1331439310045885,0.04734209635321534,187.50332158236623,3.246490991901174,0.25407840801805687,0.23630063183923555,0.2665550197023747,0.017777776178821314,0.08416284461641367,53.80434782608695,próximo ao padrão esperado,contribuinte relevante no total estadual,17,128,86,64,128,10
2311207,Potengi,Ceará,CE,8833,343,25.73,0.3071543266269041,0.0,428.4802856445313,18.93198585510254,5.232974910394265,0.1248846092474899,0.048509032677972526,61.63672184394206,3.2857865301508276,0.26785250466229105,0.25416500696821687,0.289384544150036,0.01368749769407418,0.06479881004387048,53.2608695652174,próximo ao padrão esperado,perfil intermediário,156,122,87,57,123,81
2310852,Pindoretama,Ceará,CE,23345,74,315.33,3.014506909671246,2.252858638763428,898.3230590820312,18.691221237182617,98.65771812080536,0.2618247045898857,0.0384803195151866,6.2004240796451215,5.756785972478502,1.3899145278196596,1.3775205569239435,2.9650582932127367,0.012393970895716144,0.05867504665286395,52.71739130434783,próximo ao padrão esperado,perfil intermediário,95,10,88,119,4,182
2312700,Senador Pompeu,Ceará,CE,24266,957,25.36,0.2945861185877776,0.0,1140.637451171875,24.834699630737305,5.1652892561983474,0.33244951321010796,0.04700558193241058,84.30369925605855,3.2718477096343066,0.25819104452256414,0.24782819801599776,0.2812397937459034,0.010362846506566381,0.0490593779302334,52.17391304347826,próximo ao padrão esperado,perfil intermediário,76,126,89,67,125,59
2304350,Forquilha,Ceará,CE,24173,569,42.5,0.6034909562927803,0.0,1388.6326904296875,36.8735237121582,14.86310299869622,0.40473005816764923,0.05744560834111147,61.10037485494455,3.7727609380946383,0.47218310015561077,0.47555129887881664,0.6089009383171321,-0.003368198723205873,-0.015945593134200575,51.63043478260869,próximo ao padrão esperado,perfil intermediário,58,71,90,35,69,82
2304004,Coreaú,Ceará,CE,20952,750,27.92,0.3286953803885093,0.0,995.2896118164062,25.82597923278809,5.71334214002642,0.2900865183862729,0.04750332244255471,78.57116556883547,3.3645333972905638,0.2841975438186162,0.289964582123005,0.33638015543930333,-0.005767038304388794,-0.027302084570475678,51.08695652173913,próximo ao padrão esperado,perfil intermediário,81,116,91,63,116,67
2304608,General Sampaio,Ceará,CE,6734,230,29.23,0.3533101465157757,0.0,329.63836669921875,14.200115203857422,5.573419078242229,0.09607620233049602,0.04895134640618039,40.19164267910921,3.408834808791367,0.30255355168233616,0.3101047066523006,0.3635678812857461,-0.0075511549699644465,-0.03574837910090622,50.54347826086957,próximo ao padrão esperado,perfil intermediário,169,109,92,55,118,116
2305357,Icapuí,Ceará,CE,21433,421,50.86,0.7189106639710188,0.0,1227.8994140625,17.394338607788086,20.72599531615925,0.35788283302171164,0.057290132695492935,24.195410438777255,3.9485477801105184,0.5416907552835232,0.5554667861934202,0.742754288580247,-0.013776030909896986,-0.06521794049144265,50.0,próximo ao padrão esperado,perfil intermediário,73,54,93,37,43,150
2300309,Acopiara,Ceará,CE,44962,2254,19.95,0.1374149454195205,0.0,1253.911376953125,26.13873863220215,2.213698630136986,0.3654642642571521,0.027888247341157534,190.2175804981357,3.0421386463681466,0.12875809578974465,0.14339881342168392,0.15419001635971005,-0.014640717631939276,-0.06931150616001133,49.45652173913043,próximo ao padrão esperado,perfil intermediário,70,170,94,173,168,9
2301703,Aurora,Ceará,CE,23714,886,26.77,0.2920834343789149,0.0,1049.1636962890625,37.72754287719727,4.732739420935412,0.30578862700910825,0.04424237565526957,129.16700609281034,3.323956301318708,0.25625598096801927,0.2715175905210434,0.31195394960706885,-0.015261609553024136,-0.0722509081275141,48.91304347826087,próximo ao padrão esperado,perfil intermediário,79,127,95,81,131,27
2307403,Jucás,Ceará,CE,23922,940,25.44,0.252505081888888,0.0,963.0543823242188,20.13666725158692,4.771893025694808,0.28069125756796137,0.040258104770680495,79.74757189520749,3.2748780149834857,0.22514561136496936,0.24920582290483795,0.2830060779335238,-0.024060211539868592,-0.113904901541079,48.369565217391305,próximo ao padrão esperado,perfil intermediário,87,138,96,102,130,65
2301802,Baixio,Ceará,CE,5704,146,39.19,0.5012328689162796,0.0,296.7298583984375,21.546443939208984,7.432432432432432,0.08648470807101376,0.052021363674340376,42.98689338312522,3.6936182084611096,0.4062866831338119,0.43957175835382123,0.5520424269719184,-0.03328507522000934,-0.15757688619820356,47.82608695652174,próximo ao padrão esperado,perfil intermediário,171,83,97,47,102,110
2309300,Nova Russas,Ceará,CE,30699,737,41.66,0.5343732795459312,0.0,1592.432373046875,47.87312698364258,9.093959731543624,0.4641293924687016,0.05187245099341591,89.58742647973344,3.753261713043204,0.4281220107265922,0.4666866418068061,0.5947016122983559,-0.03856463108021391,-0.18257115066843668,47.28260869565217,próximo ao padrão esperado,perfil intermediário,49,77,98,48,91,51
2311264,Quiterianópolis,Ceará,CE,20213,1042,19.4,0.0956073572104137,0.0,403.55865478515625,8.927984237670898,1.3740819710968966,0.11762096553748444,0.019965302270081444,93.38176898499898,3.0155349008501706,0.09130887361827848,0.1313043286292972,0.14031475893925482,-0.03999545501101871,-0.18934490071177615,46.73913043478261,próximo ao padrão esperado,perfil intermediário,160,177,99,181,177,48
2307254,Jijoca De Jericoacoara,Ceará,CE,25555,209,122.26,1.473661150251116,0.6797983646392822,1237.8753662109375,27.864154815673828,34.48275862068966,0.36079041810244705,0.04843965432247848,18.908115201393198,4.814295945534097,0.9056993002612552,0.949049637663606,1.5832534655646653,-0.043350337402350725,-0.20522745219447444,46.19565217391305,próximo ao padrão esperado,perfil intermediário,72,14,100,58,19,159
2313252,Tarrafas,Ceará,CE,7529,413,18.24,0.0624050634794654,0.0,104.96531677246094,4.2468581199646,0.5945303210463734,0.030593128806263633,0.013941468557904228,68.05310042363698,2.9569914452375605,0.06053526580497868,0.10468954489059201,0.11036583809257114,-0.044154279085613334,-0.20903344110380126,45.65217391304348,próximo ao padrão esperado,perfil intermediário,184,181,101,183,184,75
2305704,Ipaumirim,Ceará,CE,12083,277,43.7,0.5549966869726909,0.0,624.92626953125,19.35850715637207,10.923623445825932,0.18214063888961976,0.051719462842940496,34.880401227411696,3.7999735016195233,0.44147341506474186,0.487922561996305,0.628928704101388,-0.04644914693156316,-0.21989771366472868,45.108695652173914,próximo ao padrão esperado,perfil intermediário,130,75,102,49,82,129
2302008,Barro,Ceará,CE,19381,711,27.25,0.2597443208744042,0.0,749.3623657226562,16.932373046875,4.298093587521664,0.21840870948654567,0.038664793649587546,65.1886167315812,3.34109345759245,0.23090878043140076,0.27930841365147363,0.3222150701699533,-0.048399633220072874,-0.22913162868171771,44.565217391304344,próximo ao padrão esperado,perfil intermediário,111,134,103,118,137,77
2303808,Cedro,Ceará,CE,22344,730,30.61,0.3210921004011824,0.0,950.4326171875,37.83211517333984,4.054054054054054,0.27701252540706006,0.04253636847419889,117.82325073786608,3.4534735262275262,0.27845874332270293,0.3303981758113137,0.3915220886062885,-0.05193943248861077,-0.24588960632833473,44.02173913043478,próximo ao padrão esperado,perfil intermediário,90,117,104,91,140,33
2308302,Milagres,Ceará,CE,25900,579,44.72,0.558228525594162,0.0,1312.395263671875,23.78897857666016,14.759676733304977,0.3825099431013003,0.050671631802002896,42.615125245928176,3.8225358389266098,0.44354961550752253,0.4981797584973342,0.6457229294972819,-0.05463014298981167,-0.2586278615264231,43.47826086956522,próximo ao padrão esperado,perfil intermediário,66,74,105,51,70,112
2310704,Pentecoste,Ceará,CE,37813,1380,27.4,0.2535645189310984,0.0,1411.0865478515625,29.08199882507324,3.593890386343217,0.4112744460990838,0.037317497893622896,114.69269767306463,3.3463891451671604,0.2259911083176291,0.28171591724130796,0.3254021426027066,-0.05572480892367884,-0.26381018568059367,42.934782608695656,próximo ao padrão esperado,perfil intermediário,57,136,106,131,148,36
2301901,Barbalha,Ceará,CE,75033,608,123.38,1.44494439727136,0.0,3543.003662109375,65.51653289794922,27.079934747145188,1.032641740423098,0.04721927234829175,45.341905872868914,4.823341395675743,0.894022381265939,0.9531618428079724,1.59389820543157,-0.05913946154203342,-0.27997569900728125,42.391304347826086,próximo ao padrão esperado,contribuinte relevante no total estadual,20,15,107,65,34,106
2313708,Umari,Ceará,CE,6871,263,26.11,0.2193082626943964,0.0,233.78260803222656,9.22243309020996,4.033771106941838,0.06813813991242687,0.034024539081971554,42.05237383604165,3.299902663510574,0.1982837001496525,0.26058242515211116,0.2976856713831886,-0.06229872500245867,-0.29493215908685183,41.84782608695652,próximo ao padrão esperado,perfil intermediário,181,147,108,143,141,113
2305407,Icó,Ceará,CE,62622,1866,33.56,0.3602973592757674,0.0,2723.12744140625,42.70938491821289,7.065361206668431,0.7936811046967637,0.04348515603791399,118.53926680318618,3.542696943935855,0.30770332237459214,0.3709605570695844,0.4491259144867862,-0.06325723469499228,-0.29946989775025873,41.30434782608695,próximo ao padrão esperado,contribuinte relevante no total estadual,28,106,109,85,107,32
2307502,Lavras Da Mangabeira,Ceará,CE,30802,945,32.59,0.3351375864097511,0.0,1286.258056640625,29.719724655151367,5.184992183428869,0.3748920082831128,0.041758913597838614,88.67917467823439,3.5142284036242013,0.28903434752288176,0.3580183069782168,0.4304918082225605,-0.06898395945533503,-0.3265811315354986,40.76086956521739,próximo ao padrão esperado,perfil intermediário,67,114,110,96,124,55
2300200,Acaraú,Ceará,CE,64806,842,76.92,0.9497761658582642,0.7317858934402466,3206.4443359375,29.49365425109864,30.633284241531666,0.9345483593604225,0.049477584420231153,31.05326842287463,4.3556826593342794,0.6677145792478018,0.7405567616592734,1.097102775942202,-0.07284218241147167,-0.34484657800566193,40.21739130434783,próximo ao padrão esperado,contribuinte relevante no total estadual,23,31,111,52,24,139
2304103,Crateús,Ceará,CE,76390,2981,25.62,0.1917166301724763,0.0,2311.335693359375,34.847164154052734,2.778699402786994,0.6736605266932325,0.03025704533786327,181.763908227152,3.2816628129669656,0.17539481401639434,0.2522902997118788,0.2869695899622627,-0.07689548569548443,-0.36403556604579496,39.67391304347826,próximo ao padrão esperado,contribuinte relevante no total estadual,36,156,112,166,160,11
2300804,Antonina Do Norte,Ceará,CE,7245,260,27.9,0.2323776632687559,0.0,247.0174560546875,12.357194900512695,4.609595484477893,0.07199556084662159,0.03409488696407005,53.177205904871336,3.3638415951183864,0.20894536299705507,0.2896500778797928,0.3359599242955758,-0.08070471488273773,-0.3820690681537262,39.130434782608695,próximo ao padrão esperado,perfil intermediário,180,145,113,141,132,92
2308401,Missão Velha,Ceará,CE,36822,613,60.04,0.7307183835438429,0.0,1818.758056640625,28.084352493286133,23.66412213740458,0.5300941416187358,0.04939324470807194,38.43389339494726,4.111529386976201,0.5485365729203934,0.6295608104481567,0.8767861333727627,-0.08102423752776333,-0.3835817396180431,38.58695652173913,próximo ao padrão esperado,contribuinte relevante no total estadual,45,51,114,54,37,121
2310803,Pereiro,Ceará,CE,15274,436,35.04,0.3601632500772422,0.0,637.4889526367188,17.01764678955078,8.418079096045197,0.18580215103682754,0.041736870016807565,47.24981446233419,3.584629432740137,0.3076047293656195,0.3900237317570596,0.4770158456479431,-0.08241900239144012,-0.3901847802524452,38.04347826086957,próximo ao padrão esperado,perfil intermediário,128,107,115,97,97,101
2310605,Penaforte,Ceará,CE,8972,151,59.6,0.7219221382265371,0.4941979050636291,443.26019287109375,18.447586059570312,12.703583061889251,0.12919235221850414,0.04940483647693867,25.55342890486077,4.104294893075269,0.5434411890869497,0.6262718947424222,0.8706236814298174,-0.08283070565547246,-0.39213384955618086,37.5,próximo ao padrão esperado,perfil intermediário,154,52,116,53,77,149
2313500,Trairi,Ceará,CE,58415,929,62.9,0.7613704427083333,0.6187022924423218,2855.13916015625,19.97053909301757,20.34124233537723,0.8321571617395849,0.04887681520424977,26.229727274083558,4.157319361383489,0.5660921666808858,0.6503776592914337,0.9162643874267725,-0.08428549261054785,-0.39902104440093633,36.95652173913043,próximo ao padrão esperado,contribuinte relevante no total estadual,27,48,117,56,44,146
2309508,Orós,Ceará,CE,19675,578,34.07,0.3380398191479764,0.0,790.3370971679688,19.5971908569336,6.330196749358426,0.23035118034695268,0.04016961103776207,57.97302474115316,3.5573460641520867,0.29120572146349205,0.3776202795345036,0.4588088980975274,-0.08641455807101156,-0.4091003818683889,36.41304347826087,próximo ao padrão esperado,perfil intermediário,105,111,118,103,113,86
2304657,Graça,Ceará,CE,13801,259,53.3,0.6304306756882441,0.0,661.9522094726562,23.51579666137696,17.047619047619047,0.1929321973265454,0.047964075753398755,37.30116177865789,3.9945242269398897,0.48884419813283264,0.5763684083582421,0.7795640318152415,-0.08752421022540946,-0.4143536531948732,35.869565217391305,próximo ao padrão esperado,perfil intermediário,124,67,119,60,60,122
2306504,Itapiúna,Ceará,CE,17841,593,30.07,0.2616730819415448,0.0,626.70703125,10.088435173034668,4.88517745302714,0.18265965864119238,0.035127348873381536,38.55358395914311,3.436242723404956,0.23243868297049775,0.32256477947404316,0.3806643266716515,-0.09012609650354542,-0.4266714002704162,35.32608695652174,menos luminoso que o esperado,perfil intermediário,129,132,120,139,129,120
2309201,Nova Olinda,Ceará,CE,15399,283,54.49,0.6358820794472707,0.4773855209350586,738.2590942382812,33.147056579589844,13.350559862187769,0.21517255658254644,0.04794201534114431,52.12767838382025,4.01620282433781,0.49218215700530693,0.5862238426756492,0.7971891170196647,-0.09404168567034227,-0.44520842758542,34.78260869565217,menos luminoso que o esperado,perfil intermediário,114,66,121,61,71,95
2311306,Quixadá,Ceará,CE,84165,2021,41.65,0.4512310044424207,0.0,3685.20361328125,48.94887161254883,8.607811926043835,1.074087253628913,0.043785464424419294,108.47851992031373,3.753027273937688,0.37241216484347134,0.4665800620699607,0.5945316584771481,-0.09416789722648938,-0.44580593334103075,34.23913043478261,menos luminoso que o esperado,contribuinte relevante no total estadual,19,90,122,83,94,38
2308203,Meruoca,Ceará,CE,15162,152,99.98,1.1463600925401565,0.9235333800315856,695.840576171875,13.8722505569458,42.33937397034597,0.2028092805321391,0.04589371957339896,12.101128288674035,4.6149224774307696,0.7637734272151687,0.8584112959176373,1.3594093113716745,-0.0946378687024686,-0.4480308537084109,33.69565217391305,menos luminoso que o esperado,perfil intermediário,121,24,123,72,13,170
2303956,Chorozinho,Ceará,CE,20163,296,68.02,0.8053902456336153,0.6426372528076172,964.0521240234376,24.776885986328125,24.1436925647452,0.28098205877028376,0.04781293081502939,30.763826716167724,4.234396317669857,0.5907767709835372,0.6854180664784235,0.9846013574280046,-0.09464129549488631,-0.4480470766934954,33.15217391304348,menos luminoso que o esperado,perfil intermediário,86,44,124,62,36,140
2300101,Abaiara,Ceará,CE,10038,181,55.51,0.6453795803845498,0.5662128329277039,473.063232421875,13.872949600219728,13.233287858117324,0.13787872840285567,0.04712723973120891,21.495798752197466,4.034417613641752,0.4979711055532543,0.5945045748787217,0.8121329463482714,-0.09653346932546736,-0.4570049311792635,32.608695652173914,menos luminoso que o esperado,perfil intermediário,151,64,125,66,72,155
2302305,Bela Cruz,Ceará,CE,32775,842,38.92,0.4001317108477805,0.0,1358.8472900390625,18.42708778381348,9.77620730270907,0.3960488230824273,0.041459871549628144,46.0525552916525,3.686877451443263,0.3365663113730307,0.4365073032684863,0.5472935427514798,-0.09994099189545558,-0.47313668971307205,32.065217391304344,menos luminoso que o esperado,perfil intermediário,61,97,126,99,87,104
2304806,Granjeiro,Ceará,CE,4841,112,43.41,0.4684964798075585,0.0,210.3549194335937,9.754351615905762,10.022271714922049,0.06130991972532739,0.04345278236595614,20.8205440499616,3.7934646693040106,0.38423907451887296,0.48496354356023663,0.624115798285164,-0.10072446904136367,-0.47684579621932494,31.521739130434785,menos luminoso que o esperado,perfil intermediário,183,87,127,86,86,156
2306553,Itarema,Ceará,CE,42726,715,59.77,0.6904231373856707,0.5196284055709839,1981.514404296875,25.45448875427246,18.806384455239417,0.5775310099195139,0.04637725048674987,36.86795435881462,4.107096246147264,0.5249788747471386,0.6275454342936275,0.8730075123027945,-0.10256655954648897,-0.48556654820724365,30.978260869565215,menos luminoso que o esperado,contribuinte relevante no total estadual,42,61,128,69,49,123
2305100,Guaramiranga,Ceará,CE,5654,91,62.26,0.7122228041939114,0.7825364470481873,262.0979919433594,5.094676494598389,27.717391304347824,0.07639092486871793,0.04635620656939501,7.153206071815267,4.147253217877503,0.5377924118883626,0.6458014307498974,0.9075151581490307,-0.1080090188615348,-0.5113320237681876,30.434782608695656,menos luminoso que o esperado,perfil intermediário,177,57,129,70,31,181
2310506,Pedra Branca,Ceará,CE,40187,1302,30.86,0.2509608458893135,0.0,1321.559814453125,26.56895065307617,3.114318268135207,0.38518103762207523,0.03288525678585426,105.86890737101483,3.4613513044819024,0.2239119327450244,0.3339795387901081,0.39651456890445874,-0.1100676060450837,-0.52107770576551,29.891304347826086,menos luminoso que o esperado,perfil intermediário,65,139,130,151,155,40
2300150,Acarape,Ceará,CE,14027,130,107.9,1.186880115327381,0.8985284566879272,623.112060546875,18.95733642578125,40.57142857142857,0.18161187061789835,0.04442233268317352,15.972410494534046,4.690430029938915,0.7824759232407692,0.892738227247778,1.441806727156448,-0.11026230400700876,-0.5219994371537222,29.347826086956523,menos luminoso que o esperado,perfil intermediário,131,23,131,80,14,164
2306405,Itapipoca,Ceará,CE,131123,1600,81.93,0.9254438549169376,0.6744462251663208,5974.66552734375,43.09999084472656,24.55080545229244,1.7413724616160655,0.04556535106231363,46.57223727745507,4.4179968784631125,0.6551565151444769,0.7688857943172458,1.15736117007931,-0.11372927917276887,-0.5384126538142201,28.804347826086957,menos luminoso que o esperado,contribuinte relevante no total estadual,8,33,132,73,35,102
2310902,Piquet Carneiro,Ceará,CE,16616,590,28.18,0.197407237832105,0.0,470.4214477539063,17.51946449279785,2.853545950482585,0.13710875541453252,0.028311353379508082,88.74783212837583,3.3734835430946397,0.18015858411428426,0.29403346040346734,0.34182880104889213,-0.11387487628918308,-0.5391019339222667,28.26086956521739,menos luminoso que o esperado,perfil intermediário,152,154,133,171,158,54
2309409,Novo Oriente,Ceará,CE,27545,947,29.07,0.2108369415569603,0.0,808.7705078125,31.998611450195312,3.4671532846715327,0.23572377125152139,0.02936179008213832,151.76947200109618,3.4035279970004377,0.19131180774044104,0.30769214581728277,0.36028215591933443,-0.11638033807684173,-0.5509631919899817,27.717391304347828,menos luminoso que o esperado,perfil intermediário,102,149,134,169,150,16
2304509,Frecheirinha,Ceará,CE,15615,210,74.26,0.8323855287090862,0.0,702.5333862304688,30.629234313964844,17.061611374407583,0.20475996297177076,0.0449909309145353,36.796932696162536,4.3209487851652915,0.6056186855473364,0.7247661913941337,1.0642484044978908,-0.11914750584679723,-0.5640634081648123,27.173913043478258,menos luminoso que o esperado,perfil intermediário,120,42,135,76,59,124
2312007,Santana Do Acaraú,Ceará,CE,30628,973,31.49,0.2450818816314713,0.0,962.1914672851562,29.87624931335449,4.12633723892002,0.2804397528638301,0.03141541946209861,121.90313291447697,3.4809323496810087,0.21920129613271774,0.34288139259936257,0.40900163399404,-0.12368009646664482,-0.5855214193474761,26.6304347826087,menos luminoso que o esperado,perfil intermediário,88,141,136,161,139,30
2309607,Pacajus,Ceará,CE,70534,250,281.79,2.328616187686012,1.054168701171875,2347.2451171875,29.631046295166016,53.47222222222222,0.6841266660077453,0.03327820791657215,12.724744609753047,5.64470457271829,1.2025566583702276,1.3265665743731274,2.768083717069148,-0.12400991600289979,-0.5870828379468594,26.08695652173913,menos luminoso que o esperado,contribuinte relevante no total estadual,35,11,137,148,10,169
2300507,Alcântaras,Ceará,CE,11369,136,83.74,0.9240188460669078,0.6517792344093323,510.982421875,21.72416877746582,27.848101265822784,0.1489306328112738,0.04494523897220512,23.510525620147643,4.439587745198413,0.6544161474486121,0.7787013448835407,1.1786411241152135,-0.12428519743492861,-0.5883860644109897,25.543478260869566,menos luminoso que o esperado,perfil intermediário,146,34,138,77,29,151
2303402,Carnaubal,Ceará,CE,17210,363,47.38,0.4910770512472307,0.0,720.4100341796875,35.73503875732422,8.588957055214724,0.20997028015225647,0.04185996712258498,72.7687001333012,3.8790865051818813,0.3994987120108971,0.5238885885777294,0.6885810967767027,-0.12438987656683226,-0.5888816322156674,25.0,menos luminoso que o esperado,perfil intermediário,118,84,139,93,96,72
2302503,Brejo Santo,Ceará,CE,51090,655,78.04,0.8608111321499247,0.0,2283.73193359375,69.22149658203125,19.33660007538636,0.6656151512872062,0.044700174859928554,80.41426733031713,4.369954053439613,0.6210124852181109,0.7470447638413902,1.1107530168420783,-0.12603227862327926,-0.5966570270504329,24.456521739130434,menos luminoso que o esperado,contribuinte relevante no total estadual,37,39,140,78,46,63
2301208,Aracoiaba,Ceará,CE,25553,644,39.68,0.3722166751791363,0.0,970.7410888671876,22.223302841186523,9.202453987730062,0.2829316204858837,0.03798931980069611,59.70528529057934,3.7057365711803594,0.3164274433500196,0.4450809583090516,0.5606165355942707,-0.128653514959032,-0.6090663804031693,23.91304347826087,menos luminoso que o esperado,perfil intermediário,85,100,141,124,89,84
2307106,Jardim,Ceará,CE,27411,545,50.3,0.5226083795050439,0.0,1159.1453857421875,29.90509986877441,13.074842200180342,0.33784382481376735,0.042287599348516565,57.222771360601605,3.937690752176724,0.4204249032933549,0.5505310090432791,0.7341736353006326,-0.1301061057499242,-0.615943178254339,23.369565217391305,menos luminoso que o esperado,perfil intermediário,74,81,142,92,75,87
2309458,Ocara,Ceará,CE,24493,763,32.1,0.2473033091210748,0.0,763.919921875,8.08338737487793,4.499838135318873,0.22265164614569471,0.031189316207691994,32.686126889771366,3.4995332823830174,0.22098386817340612,0.35133767171752806,0.4209670652999159,-0.13035380354412193,-0.617115819351583,22.82608695652174,menos luminoso que o esperado,perfil intermediário,109,140,143,162,133,137
2313609,Ubajara,Ceará,CE,32767,424,77.34,0.8348965550247958,0.478772908449173,1431.0126953125,30.720060348510746,21.995332555425904,0.4170821091884692,0.043672374502166815,36.79504979009446,4.361058328237685,0.6069881066340103,0.7430006260300708,1.1022340782477875,-0.13601251939606052,-0.6439050880533964,22.282608695652172,menos luminoso que o esperado,perfil intermediário,54,41,144,84,40,125
2307809,Marco,Ceará,CE,25799,574,44.98,0.4375486283544627,0.0,1015.9879150390624,36.280269622802734,10.034453057708872,0.29611923353478714,0.0393809029434886,82.91711409616074,3.828206519335035,0.3629393215376961,0.5007577397787988,0.6499710458334573,-0.1378184182411027,-0.6524545029160557,21.73913043478261,menos luminoso que o esperado,perfil intermediário,80,91,145,111,85,61
2310951,Pires Ferreira,Ceará,CE,10606,244,43.38,0.4044804124668225,0.0,400.0311279296875,13.832307815551758,7.077856420626896,0.11659283465792115,0.037717436161577175,34.19771972885988,3.792788917504448,0.3396674211970739,0.4846563360710612,0.6236169343799298,-0.1449889148739873,-0.6864007843781272,21.195652173913043,menos luminoso que o esperado,perfil intermediário,161,96,146,127,106,131
2308906,Morrinhos,Ceará,CE,22753,412,55.28,0.5635267486018742,0.0,932.0732421875,28.53241539001465,12.273276904474002,0.2716615128874193,0.04096485044554564,50.63187401515989,4.030339232246188,0.4469440059253958,0.5926504779910158,0.808776189130513,-0.14570647206561999,-0.6897978152449415,20.652173913043477,menos luminoso que o esperado,perfil intermediário,93,72,147,100,78,96
2307908,Martinópole,Ceará,CE,10846,303,35.74,0.2862942587227872,0.0,350.13787841796875,25.42500686645508,5.069501226492232,0.10205097782549809,0.03228267365092834,88.80725338703468,3.6038660797869797,0.25176541668806823,0.3987690167022695,0.48998941618749337,-0.14700360001420126,-0.6959386270588571,20.108695652173914,menos luminoso que o esperado,perfil intermediário,167,130,148,155,127,53
2310209,Paracuru,Ceará,CE,38691,305,126.97,1.2546942761479591,0.8394484519958496,1537.00048828125,21.226581573486328,38.12244897959184,0.4479732482988623,0.03972501326616655,16.917732040458805,4.851795861449505,0.8130143877757854,0.9660976943911157,1.6276704530883292,-0.15308330661533032,-0.7247209335091868,19.565217391304348,menos luminoso que o esperado,perfil intermediário,52,21,149,108,16,162
2302057,Barroquinha,Ceará,CE,14567,386,37.78,0.3081479069279999,0.0,446.5063171386719,11.328603744506836,5.833333333333333,0.13013846566714388,0.030651906167273417,36.7635263879637,3.6579046498145056,0.26861232533322515,0.42333580798203974,0.527047004448882,-0.15472348264881458,-0.7324857899941137,19.021739130434785,menos luminoso que o esperado,perfil intermediário,153,121,150,164,115,126
2308104,Mauriti,Ceará,CE,45561,1079,42.22,0.357201747750812,0.0,1567.0440673828125,22.72834014892578,8.274447230453612,0.4567297319976417,0.034394417756037236,63.62886024049487,3.76630335107874,0.3054250416892751,0.47261557736898197,0.6041845795705438,-0.16719053567970688,-0.7915068191998678,18.478260869565215,menos luminoso que o esperado,perfil intermediário,50,108,151,140,99,78
2313955,Varjota,Ceará,CE,18105,179,101.01,1.0025060614224135,0.5138422846794128,726.81689453125,32.064998626708984,16.689655172413794,0.21183761986032393,0.040144539880212646,31.984842614545858,4.625070847694428,0.6943994268833434,0.8630249060477744,1.3703198552166302,-0.16862547916443094,-0.7983000718723836,17.934782608695652,menos luminoso que o esperado,perfil intermediário,115,28,152,104,65,138
2313401,Tianguá,Ceará,CE,81506,910,89.58,0.8953840472280833,0.0,3288.74560546875,51.21063232421875,16.98883746256466,0.9585358384355025,0.040349736282835,57.19404140107458,4.506233438128068,0.6394214814458268,0.8089995342520697,1.245660156357417,-0.16957805280624294,-0.8028097083193213,17.391304347826086,menos luminoso que o esperado,contribuinte relevante no total estadual,22,35,153,101,62,88
2304905,Groaíras,Ceará,CE,10910,156,70.08,0.6914830550052332,0.5960425734519958,433.5598754882813,22.90858268737793,15.470494417862838,0.12636510348264476,0.03973967694668023,33.12963707270443,4.263806003286451,0.5256056914558046,0.6987881761570938,1.0113138719438228,-0.17318248470128916,-0.8198736671891945,16.847826086956523,menos luminoso que o esperado,perfil intermediário,155,60,154,107,67,133
2301950,Barreira,Ceará,CE,22391,260,86.12,0.8464498738296159,0.7970932722091675,887.0794677734375,12.451461791992188,32.25190839694657,0.25854765415336434,0.03961767977193683,14.710217535915609,4.467286478624705,0.6132648083563657,0.7912936285515042,1.2062486472427154,-0.17802882019513855,-0.8428169969411893,16.304347826086957,menos luminoso que o esperado,perfil intermediário,98,40,155,109,23,166
2300606,Altaneira,Ceará,CE,6782,73,93.32,0.8952630469416596,0.5869444012641907,262.31207275390625,16.26334571838379,18.088737201365188,0.07645332073445145,0.03867768692921059,18.16599686067195,4.546693256229116,0.6393576399520349,0.8273932094732976,1.2873483238907002,-0.18803556952126277,-0.8901905536885905,15.760869565217392,menos luminoso que o esperado,perfil intermediário,176,36,156,117,51,161
2304202,Crato,Ceará,CE,131050,1138,115.14,1.0815507074671624,0.0,4981.62255859375,58.52537155151367,20.10421189752497,1.4519407484819051,0.03801314428533956,54.112461943147615,4.754796359943904,0.7331131483781055,0.9220001820676766,1.5143144504196928,-0.18888703368957116,-0.8942215216664163,15.217391304347828,muito menos luminoso que o esperado,"denso, mas menos luminoso que o esperado",11,27,157,122,45,90
2305506,Iguatu,Ceará,CE,98064,992,98.83,0.936598763296218,0.4514937996864319,3764.1904296875,40.003414154052734,17.64120427967156,1.0971087041672025,0.038385038645043036,42.7113676410968,4.603468739348334,0.6609332195997257,0.85320424486686,1.3471556769740578,-0.19227102526713424,-0.9102418807068784,14.673913043478262,muito menos luminoso que o esperado,"denso, mas menos luminoso que o esperado",18,32,158,121,56,111
2303204,Caririaçu,Ceará,CE,26320,634,41.5,0.3126925027945179,0.0,804.2451171875,14.85132122039795,7.8149300155520995,0.23440480359109503,0.03055642542505699,47.49497042678489,3.7495040759303713,0.27208037352464864,0.46497836035877627,0.5919797386439773,-0.19289798683412762,-0.9132100173518987,14.130434782608695,muito menos luminoso que o esperado,"denso, mas menos luminoso que o esperado",103,119,159,165,100,100
2305803,Ipu,Ceará,CE,41081,626,65.62,0.6092877238456481,0.0,1534.7957763671875,45.91489028930664,11.353711790393014,0.44733066427547646,0.03736023408308433,75.35830514382731,4.199004832765533,0.475791673555992,0.6693285359397219,0.9529255609589031,-0.19353686238372986,-0.9162345567020146,13.586956521739129,muito menos luminoso que o esperado,"denso, mas menos luminoso que o esperado",53,70,160,129,81,68
2304954,Guaiúba,Ceará,CE,24217,256,94.58,0.8918146532635356,0.8144612908363342,920.3527221679688,12.31511116027832,34.593023255813954,0.26824545709242564,0.038004406911176805,13.809047767271993,4.559963593150012,0.6375365024395941,0.8334261151771654,1.3011893895828428,-0.19588961273757122,-0.9273728543417078,13.043478260869565,muito menos luminoso que o esperado,"denso, mas menos luminoso que o esperado",94,37,161,123,18,167
2302909,Capistrano,Ceará,CE,17254,227,76.16,0.7152921879278478,0.6567662358283997,653.061767578125,14.303899765014648,22.89156626506024,0.19034099441888785,0.03784987640999913,19.997282210581357,4.345881188037528,0.539583438075838,0.7361008573031942,1.0877790747350478,-0.19651741922735622,-0.9303449909867791,12.5,muito menos luminoso que o esperado,"denso, mas menos luminoso que o esperado",125,55,162,125,38,158
2313757,Umirim,Ceará,CE,17470,316,55.35,0.4866645603553922,0.0,620.497314453125,12.939709663391112,10.588235294117649,0.1808497782763378,0.03551787718678449,26.588559535449193,4.031582240485785,0.39653506056155363,0.5932155692575993,0.809798601609169,-0.1966805086960457,-0.9311170826968906,11.956521739130435,muito menos luminoso que o esperado,"denso, mas menos luminoso que o esperado",132,85,163,137,84,144
2314102,Viçosa Do Ceará,Ceará,CE,59712,1311,45.55,0.3606985174056057,0.0,1907.0130615234373,29.866029739379883,8.606014753168148,0.5558168928588453,0.031936847895288,82.80053345213776,3.840527003723076,0.30799818363195947,0.506358827451409,0.6592386083047692,-0.19836064381944957,-0.9390711119243524,11.41304347826087,muito menos luminoso que o esperado,"denso, mas menos luminoso que o esperado",43,105,164,157,95,62
2312601,São Luís Do Curu,Ceará,CE,10822,123,88.08,0.817958181988978,0.4904198050498962,408.1611328125,23.30597877502441,16.63326653306613,0.11896240104635596,0.03771586886088523,28.49287318070447,4.489534842389167,0.5977139932844495,0.8014080876987304,1.2286768926350227,-0.20369409441428088,-0.9643205227149356,10.869565217391305,muito menos luminoso que o esperado,"denso, mas menos luminoso que o esperado",159,43,165,128,66,142
2311702,Reriutaba,Ceará,CE,18606,373,49.89,0.4045147822843895,0.0,607.9857177734375,22.903812408447266,7.119095143047239,0.17720315574840842,0.03267686325773608,56.6204582746856,3.9296664406007413,0.33969189245116,0.5468830296916678,0.7278589306459192,-0.2071911372405078,-0.9808760845040027,10.326086956521738,muito menos luminoso que o esperado,"denso, mas menos luminoso que o esperado",134,95,166,152,105,89
2302602,Camocim,Ceará,CE,62326,1120,55.63,0.4649429151671576,0.0,2091.313232421875,34.21394729614258,9.1674047829938,0.6095329110702207,0.03355442724419785,73.58741494158367,4.036538880125714,0.38181627595363943,0.5954689362771397,0.813881340316858,-0.21365266032350028,-1.0114659714363803,9.782608695652174,muito menos luminoso que o esperado,"denso, mas menos luminoso que o esperado",39,88,167,147,90,70
2310258,Paraipaba,Ceará,CE,32216,289,111.39,0.978689203540416,0.7440214157104492,1141.151611328125,18.187299728393555,33.76068376068376,0.33259937002349044,0.035421890095856876,18.58332517005146,4.721974965530176,0.6824346070615604,0.9070790554415953,1.4770765527053635,-0.22464444838003483,-1.0635028595686955,9.239130434782608,muito menos luminoso que o esperado,"denso, mas menos luminoso que o esperado",75,30,168,138,21,160
2308005,Massapê,Ceará,CE,37697,568,66.39,0.5626328176330486,0.0,1284.49072265625,37.36128616333008,13.053000438020147,0.374376902171016,0.03407408341927076,66.40438475327771,4.2104966389581255,0.4463721023009961,0.6745528933573437,0.9631550400600088,-0.2281807910563476,-1.0802444731531589,8.695652173913043,muito menos luminoso que o esperado,"denso, mas menos luminoso que o esperado",68,73,169,142,76,76
2305308,Ibiapina,Ceará,CE,23965,414,57.87,0.4689645033616286,0.0,780.35693359375,18.88365936279297,15.084134615384617,0.22744236780656352,0.03256235900662424,40.26671355116329,4.07533162304017,0.3845577330887822,0.6131047326696755,0.8461543257537852,-0.22854699958089325,-1.0819781630611947,8.152173913043478,muito menos luminoso que o esperado,"denso, mas menos luminoso que o esperado",107,86,170,153,68,115
2313559,Tururu,Ceará,CE,15412,201,76.57,0.6163270550009645,0.6044374704360962,499.2249145507813,10.196396827697754,16.790123456790123,0.14550379671845137,0.03239196175387888,16.54380856465564,4.3511807545027805,0.4801563251421158,0.7385101242982091,1.0928151561490345,-0.25835379915609324,-1.223088334318084,7.608695652173914,muito menos luminoso que o esperado,"denso, mas menos luminoso que o esperado",147,69,171,154,63,163
2305001,Guaraciaba Do Norte,Ceará,CE,42053,625,67.33,0.5249623624603489,0.0,1323.955078125,25.971555709838867,13.203806502775574,0.3858791597474768,0.03148301139336076,49.473176588592786,4.224348908792687,0.4219697294009404,0.6808503549963802,0.975556942883691,-0.25888062559543984,-1.2255824152035981,7.065217391304348,muito menos luminoso que o esperado,"denso, mas menos luminoso que o esperado",64,80,172,160,74,97
2311603,Redenção,Ceará,CE,27214,248,109.74,0.86985765006674,0.793833315372467,865.5083618164062,11.90151596069336,28.5427135678392,0.252260552438923,0.0318037907627106,13.682142067840722,4.707185111394821,0.6258623050100331,0.9003553531042385,1.460477294070301,-0.2744930480942054,-1.2994941280990924,6.521739130434782,muito menos luminoso que o esperado,"denso, mas menos luminoso que o esperado",100,38,173,158,27,168
2307700,Maranguape,Ceará,CE,105093,584,180.11,1.3272084346433886,0.8280291557312012,3121.59423828125,29.45611953735352,38.52040816326531,0.909818000355754,0.029703160422494837,22.19404182966493,5.199104581476445,0.8446694525663795,1.1239897487182349,2.0771066272155543,-0.2793202961518554,-1.3223470948658174,5.978260869565218,muito menos luminoso que o esperado,"denso, mas menos luminoso que o esperado",25,19,174,168,15,154
2301406,Aratuba,Ceará,CE,11224,120,93.72,0.7149806071802512,0.6975987553596497,346.7655944824219,7.064576625823975,27.216494845360824,0.10106809395505617,0.03089501019978812,9.880794730649463,4.550925171135695,0.5394017727873526,0.8293171051309871,1.2917531792810677,-0.28991533234363454,-1.3725056960173088,5.434782608695652,muito menos luminoso que o esperado,"denso, mas menos luminoso que o esperado",168,56,175,163,33,176
2312304,São Benedito,Ceará,CE,47640,351,135.79,1.0004763761594524,0.4691117703914642,1415.674072265625,33.13852310180664,27.420494699646643,0.4126115232367209,0.029716080442183563,33.12274418301946,4.918446903101353,0.6933853402773945,0.9963983153736131,1.7085090443948427,-0.3030129750962186,-1.43451203813451,4.891304347826087,muito menos luminoso que o esperado,"denso, mas menos luminoso que o esperado",56,29,176,167,32,134
2303907,Chaval,Ceará,CE,12462,237,52.53,0.2891075269804728,0.0,276.6759033203125,11.44486141204834,5.433646812957158,0.0806397942495269,0.02220156502329582,39.586867529860235,3.98024224440529,0.25395013939213973,0.5698755925081906,0.7680470794483824,-0.3159254531160509,-1.4956417806998734,4.3478260869565215,muito menos luminoso que o esperado,"denso, mas menos luminoso que o esperado",175,129,177,179,122,119
2306306,Itapajé,Ceará,CE,46426,432,107.42,0.7698602999578188,0.5857325792312622,1340.3267822265625,25.341550827026367,21.88397472716829,0.3906508468890769,0.02887017581154014,32.917077027478584,4.686012573832192,0.570900616893368,0.8907299816168126,1.43690790013539,-0.3198293647234446,-1.5141235245751676,3.804347826086957,muito menos luminoso que o esperado,"denso, mas menos luminoso que o esperado",62,47,178,170,41,136
2309102,Mulungu,Ceará,CE,10569,98,107.9,0.7429454970175932,0.6458412408828735,289.0057983398437,11.667905807495115,22.36503856041131,0.08423345811964053,0.02734466821268272,15.704928340811907,4.690430029938915,0.5555764964090434,0.892738227247778,1.441806727156448,-0.3371617308387346,-1.5961777264912507,3.260869565217391,muito menos luminoso que o esperado,"denso, mas menos luminoso que o esperado",173,50,179,174,39,165
2311108,Porteiras,Ceará,CE,17050,225,75.82,0.4613577035757211,0.0,419.8355102539063,11.808012008666992,10.87912087912088,0.12236500815296916,0.024623783592604476,25.59404967459253,4.341465022917759,0.37936593755551223,0.7340931985753796,1.0835917316383559,-0.35472726101986735,-1.67933576450282,2.717391304347826,muito menos luminoso que o esperado,"denso, mas menos luminoso que o esperado",158,89,180,177,83,148
2302107,Baturité,Ceará,CE,35218,314,112.13,0.7085431477093207,0.6288844347000122,897.015625,16.08477783203125,18.167456556082147,0.2614436406298351,0.025470373814526662,22.70119732486471,4.728537599938376,0.5356410469861377,0.9100625331625927,1.4844778907871736,-0.374421486176455,-1.772571386046371,2.1739130434782608,muito menos luminoso que o esperado,"denso, mas menos luminoso que o esperado",96,58,181,175,50,153
2309805,Pacoti,Ceará,CE,11186,112,99.49,0.6164087020674127,0.6779696941375732,282.315185546875,7.426997184753418,17.903930131004365,0.08228341609374129,0.0252382608212833,12.048819472850912,4.610058220060868,0.48020683781781914,0.8561999273437357,1.3541975524513392,-0.3759930895259166,-1.780011608443644,1.6304347826086956,muito menos luminoso que o esperado,"denso, mas menos luminoso que o esperado",174,68,182,176,52,171
2310100,Palmácia,Ceará,CE,10242,129,79.46,0.4183239946016227,0.0,217.1101531982422,4.964154243469238,11.560693641618498,0.06327879614120398,0.021198023159367526,11.866769049023642,4.387760166521642,0.3494758890358727,0.7551397053501567,1.1279087828320522,-0.40566381631428405,-1.9204775892967667,1.0869565217391304,muito menos luminoso que o esperado,"denso, mas menos luminoso que o esperado",182,93,183,180,80,172
2313807,Uruburetama,Ceará,CE,20189,99,203.11,0.6585724876269285,0.639762818813324,261.4532775878906,7.7901716232299805,17.632241813602015,0.07620301680606845,0.012950283698444233,11.8288749648074,5.318659064205951,0.5059572851890375,1.1783411133505814,2.248980040361405,-0.672383828161544,-3.1831729167320977,0.5434782608695652,muito menos luminoso que o esperado,"denso, mas menos luminoso que o esperado",178,62,184,184,57,173
